Code,Location,Area,Price,Image,Link
P00186,ห้องชุดเลขที่ 950/52 ชั้น 6 โครงการบ้านอุดมสุขคอนโดมิเนี่ยม 2 ซอยอุดมสุข 42 (บางนาตราด 19 แยก 14) ถนนอุดมสุข แขวงบางนา เขตพระโขนง กรุงเทพมหานคร,0000-0-00.0 / 23.37 ตร.ม.,"234,000บาท",https://media.tmbbank.com/uploads/npa/product/img/3746_20220512114823.jpg,https://www.ttbbank.com/property/property/detail/P00186
C10125,ห้องชุดเลขที่ 1638/90 โครงการ 101 แมนชั่นคอนโดมิเนียม ถนนลาดพร้าว ซอย 101 แยก 38 (สันติสุข) แขวงคลองจั่น เขตบางกะปิ กรุงเทพมหานคร,0000-0-00.0 / 33.56 ตร.ม.,"425,000บาท",https://media.tmbbank.com/uploads/npa/product/img/3013_20210621171407.jpg,https://www.ttbbank.com/property/property/detail/C10125
B12100,477/18 ชั้น 2 อาคาร ซี อาคารชุดเทพลีลา คอนโดทาวน์ ซอยพระยาประเสริฐ แขวงวังทองหลาง เขตบางกะปิ กรุงเทพมหานคร,0000-0-00.0 / 24.3 ตร.ม.,"454,000บาท",https://media.tmbbank.com/uploads/npa/product/img/3919_20220803201316.jpg,https://www.ttbbank.com/property/property/detail/B12100
P00001,312/213 ชั้น 7 อาคาร A อาคารชุดบ้านพระยาภิรมย์-รัชดา ซอยรัชดาภิเษก 36 (เสือใหญ่อุทิศ) แยก 11  แขวงลาดยาว เขตจตุจักร กรุงเทพมหานคร,0000-0-00.0 / 31.86 ตร.ม.,"513,000บาท",https://media.tmbbank.com/uploads/npa/product/img/3789_20220511143250.jpg,https://www.ttbbank.com/property/property/detail/P00001
P00212,3272/110 ชั้น 5 อาคาร อี2 อาคารชุดซิตี้ วิลล่า ซอยลาดพร้าว126 ถนนลาดพร้าว แขวงคลองจั่น เขตบางกะปิ กรุงเทพมหานคร,0000-0-00.0 / 32.88 ตร.ม.,"902,000บาท",https://media.tmbbank.com/uploads/npa/product/img/2602_20210216142619.jpg,https://www.ttbbank.com/property/property/detail/P00212
B12648,16/129 ชั้น 5 อาคาร E อาคารชุดสมาร์ทคอนโด พระราม 2 ถนนบางขุนเทียน 16 แขวงแสมดำ เขตบางขุนเทียน กรุงเทพมหานคร,0000-0-00.0 / 28.5 ตร.ม.,"1,004,000บาท",https://media.tmbbank.com/uploads/npa/product/img/2489_20201103165949.jpg,https://www.ttbbank.com/property/property/detail/B12648
B12776,99/83 ชั้นล่าง อาคารบี อาคารชุดลุมพินี คอนโดทาวน์ บางแค  ถนนบางแค แขวงบางแค เขตบางแค กรุงเทพมหานคร,0000-0-00.0 / 26.31 ตร.ม.,"1,188,000บาท",https://media.tmbbank.com/uploads/npa/product/img/3825_20220605081231.jpg,https://www.ttbbank.com/property/property/detail/B12776
C10114,ห้องชุดเลขที่ 104/78 ชั้น4 อาคาร 3 โครงการไอริส แอเวนิว ถนนลาดกระบัง แขวงลาดกระบัง เขตลาดกระบัง กรุงเทพมหานคร,0000-0-00.0 / 28.01 ตร.ม.,"1,263,000บาท",https://media.tmbbank.com/uploads/npa/product/img/3067_20210617172431.jpg,https://www.ttbbank.com/property/property/detail/C10114
P00323,ห้องชุดเลขที่ 1/30 อาคาร เอ ชั้น 2 โครงการลุมพินีวิลล์ อ่อนนุช-พัฒนาการ ซอยอ่อนนุช 55-1 ถนนอ่อนนุช แขวงประเวศ เขตประเวศ กรุงเทพมหานคร,0000-0-00.0 / 22.66 ตร.ม.,"1,322,000บาท",https://media.tmbbank.com/uploads/npa/product/img/3690_20220406191527.jpg,https://www.ttbbank.com/property/property/detail/P00323
B12196,45 ซอยเพชรเกษม 79 แยก 1 ถนนเพชรเกษม แขวงหนองค้างพลู เขตหนองแขม กรุงเทพมหานคร,0000-0-20.0 / 20 ตร.ว.,"1,400,000บาท",https://media.tmbbank.com/uploads/npa/product/img/281_20200220095812.jpg,https://www.ttbbank.com/property/property/detail/B12196
P00365,ห้องชุดเลขที่ 194/101 ชั้น 4 อาคาร D โครงการเมโทรพาร์ค สาทร 3-2 ถนนกัลปพฤกษ์ แขวงบางหว้า เขตภาษีเจริญ กรุงเทพมหานคร,0000-0-00.0 / 31.61 ตร.ม.,"1,496,000บาท",https://media.tmbbank.com/uploads/npa/product/img/3117_20210621172149.jpg,https://www.ttbbank.com/property/property/detail/P00365
P00361,ห้องชุดเลขที่  164/74 ชั้น 7 อาคาร E โครงการเมโทรพาร์ค สาทร 2-2 แขวงบางหว้า เขตภาษีเจริญ กรุงเทพมหานคร,0000-0-00.0 / 30.1 ตร.ม.,"1,524,000บาท",https://media.tmbbank.com/uploads/npa/product/img/3113_20210617120555.jpg,https://www.ttbbank.com/property/property/detail/P00361
B12916,ห้องชุดเลขที่ 554/159 ชั้น 7 โครงการอินสไปร์เพลส พระราม 9 ซอยรามคำแหง 24 ถนนรามคำแหง  แขวงหัวหมาก เขตบางกะปิ กรุงเทพมหานคร,0000-0-00.0 / 29.4 ตร.ม.,"1,553,000บาท",https://media.tmbbank.com/uploads/npa/product/img/3804_20220513133718.jpg,https://www.ttbbank.com/property/property/detail/B12916
P00285,ห้องชุดเลขที่ 72/72 ชั้น 6 อาคารA ซอยบางนา-ตราด 32 อาคารชุดอะพลู คอนโด ถนนเทพรัตน แขวงบางนา เขตบางนา กรุงเทพมหานคร,0000-0-00.0 / 26.02 ตร.ม.,"1,575,000บาท",https://media.tmbbank.com/uploads/npa/product/img/2903_20210511154338.jpg,https://www.ttbbank.com/property/property/detail/P00285
B12630,86 ซอยประชาอุทิศ 77 ถนนประชาอุทิศ  แขวงทุ่งครุ เขตราษฎร์บูรณะ กรุงเทพมหานคร,0000-0-11.0 / 11 ตร.ว.,"1,650,000บาท",https://media.tmbbank.com/uploads/npa/product/img/3762_20220513154229.jpg,https://www.ttbbank.com/property/property/detail/B12630
P00367,ห้องชุดเลขที่ 833/38 ชั้น 2 โครงการไอคอนโด สุขุมวิท 105-2 ซอยสุขุมวิท 105 ถนนลาซาล แขวงบางนา เขตบางนา กรุงเทพมหานคร,0000-0-00.0 / 31.07 ตร.ม.,"1,744,000บาท",https://media.tmbbank.com/uploads/npa/product/img/3119_20210617172519.jpg,https://www.ttbbank.com/property/property/detail/P00367
P00314,827/132 ชั้น 5 อาคาร เอ5 อาคารชุดไอคอนโด สุขุมวิท 105-1 ถนนสาซาล ซอยสุขุมวิท 105 แขวงบางนา เขตบางนา กรุงเทพมหานคร,0000-0-00.0 / 31.07 ตร.ม.,"1,744,000บาท",https://media.tmbbank.com/uploads/npa/product/img/3820_20220604125424.jpg,https://www.ttbbank.com/property/property/detail/P00314
P00348,ห้องชุดเลขที่ 190/36 ชั้น 3 อาคารB โครงการเมโทร พาร์ค สาทร3-1 ถนนกัลปพฤกษ์ แขวงบางหว้า เขตภาษีเจริญ กรุงเทพมหานคร,0000-0-00.0 / 44.05 ตร.ม.,"1,745,000บาท",https://media.tmbbank.com/uploads/npa/product/img/3049_20210617172339.jpg,https://www.ttbbank.com/property/property/detail/P00348
P00216,กรรมสิทธิ์ห้องชุดเลขที่ 2359/226 ชั้น 8 อาคารเลขที่ H อาคารชุด เอ สเปช สุขุมวิท จี-เอช แขวงสวนหลวง เขตสวนหลวง กรุงเทพมหานคร,0000-0-00.0 / 35.47 ตร.ม.,"1,756,000บาท",https://media.tmbbank.com/uploads/npa/product/img/2201_20200212153731.jpg,https://www.ttbbank.com/property/property/detail/P00216
P00303,253/171 โครงการพูนสินธานี 3 ซอยเคหะร่มเกล้า 64 ถนนเคหะร่มเกล้า แขวงคลองสองต้นนุ่น เขตลาดกระบัง กรุงเทพมหานคร,0000-0-17.0 / 17 ตร.ว.,"1,760,000บาท",https://media.tmbbank.com/uploads/npa/product/img/3806_20220513144133.jpg,https://www.ttbbank.com/property/property/detail/P00303
B12629,116 ซอยประชาอุทิศ 77 ถนนประชาอุทิศ แขวงทุ่งครุ เขตราษฎร์บูรณะ กรุงเทพมหานคร,0000-0-15.0 / 15 ตร.ว.,"1,870,000บาท",https://media.tmbbank.com/uploads/npa/product/img/3754_20220513154041.jpg,https://www.ttbbank.com/property/property/detail/B12629
C10342,115/181 หมู่บ้านชนันธร วินมิลล์ ซอยวิลล์มิลล์ 8 ถนนเลียบคลองภาษี แขวงหนองแขม เขตหนองแขม กรุงเทพมหานคร,0000-0-20.5 / 20.5 ตร.ว.,"1,870,000บาท",https://media.tmbbank.com/uploads/npa/product/img/3289_20210621102358.jpg,https://www.ttbbank.com/property/property/detail/C10342
P00231,287/163 โครงการพฤกษา 78 ถนนเลียบคลองลำกอไผ่ (แยกจากถนนฉลองกรุง) แขวงลำปลาทิว เขตลาดกระบัง กรุงเทพมหานคร,0000-0-18.1 / 18.1 ตร.ว.,"1,870,000บาท",https://media.tmbbank.com/uploads/npa/product/img/3629_20220315210508.jpg,https://www.ttbbank.com/property/property/detail/P00231
P00345,ห้องชุดเลขที่ 788/332 ชั้น 24 อาคารชุดแบงค์คอก ฮอไรซอน รามคำแหง ถนนรามคำแหง ซอย 60 แขวงหัวหมาก เขตบางกะปิ กรุงเทพมหานคร,0000-0-00.0 / 39.31 ตร.ม.,"1,935,000บาท",https://media.tmbbank.com/uploads/npa/product/img/3266_20210621164618.jpg,https://www.ttbbank.com/property/property/detail/P00345
P00452,115/145 หมู่บ้านชนันธร วินมิลล์ ถนนเลียบคลองภาษีเจริญฝั่งใต้ แขวงหนองแขม เขตหนองแขม กรุงเทพมหานคร,0000-0-20.5 / 20.5 ตร.ว.,"2,090,000บาท",https://media.tmbbank.com/uploads/npa/product/img/3302_20210621103519.jpg,https://www.ttbbank.com/property/property/detail/P00452
B12713,ห้องชุดเลขที่ 835/228 ชั้น 8 อาคาร เอ1 อาคารชุด ไอคอนโด สุขุมวิท 103-3 ซอยสุขุมวิท105 ถนนลาซาล แขวงบางนา เขตบางนา กรุงเทพมหานคร,0000-0-00.0 / 33.02 ตร.ม.,"2,107,000บาท",https://media.tmbbank.com/uploads/npa/product/img/3563_20220110092536.jpg,https://www.ttbbank.com/property/property/detail/B12713
B12800,ห้องชุดเลขที่ 95/1131 ชั้น 6 อาคาร F โครงการเอลลิโอ เดล เรย์ ซอยสุขุมวิท 64 ถนนสุขุมวิท แขวงบางจาก เขตพระโขนง กรุงเทพมหานคร,0000-0-00.0 / 24.22 ตร.ม.,"2,132,000บาท",https://media.tmbbank.com/uploads/npa/product/img/3635_20220315200120.jpg,https://www.ttbbank.com/property/property/detail/B12800
P00461,ห้องชุดเลขที่ 69/1189 อาคารนบีชั้น 24 ซอยราษฎร์บูรณะ 33 ถ.ราษฎร์บูรณะ โครงการแชปเตอร์วัน โมเดิร์นดัชท์  แขวงราษฎร์บูรณะ เขตราษฎร์บูรณะ กรุงเทพมหานคร,000-0-00.0 / 29.25 ตร.ม.,"2,188,000บาท",https://media.tmbbank.com/uploads/npa/product/img/3423_20210706165221.jpg,https://www.ttbbank.com/property/property/detail/P00461
B12891,7/109 หมู่บ้านไลโอ เพชรเกษม 77 ถนนสวัสดิการ 3 แขวงหนองแขม เขตหนองแขม กรุงเทพมหานคร,0000-0-22.2 / 22.2 ตร.ว.,"2,189,000บาท",https://media.tmbbank.com/uploads/npa/product/img/3979_20220817151002.jpg,https://www.ttbbank.com/property/property/detail/B12891
P00031,406/141 โครงการอาร์เค พาร์ค รามอินทรา-คู้บอน ถนนเลียบคลองสอง แขวงบางชัน เขตคลองสามวา กรุงเทพมหานคร,0000-0-19.9 / 19.9 ตร.ว.,"2,200,000บาท",https://media.tmbbank.com/uploads/npa/product/img/3763_20220513113542.jpg,https://www.ttbbank.com/property/property/detail/P00031
B12753,87/68 หมู่บ้านเพ็ญศิริ 4 ซอยเลียบวารี 25/1 ถนนเลียบวารี แขวงโคกแฝด เขตหนองจอก กรุงเทพมหานคร,0000-0-21.1 / 21.1 ตร.ว.,"2,200,000บาท",https://media.tmbbank.com/uploads/npa/product/img/3603_20220202090219.jpg,https://www.ttbbank.com/property/property/detail/B12753
B12487,519/249 โครงการทัศนีย์นิเวศน์ 2 ซอยประชาอุทิศ 121 ถนนประชาอุทิศ แขวงทุ่งครุ เขตราษฎร์บูรณะ กรุงเทพมหานคร,0000-0-17.9 / 17.9 ตร.ว.,"2,300,000บาท",https://media.tmbbank.com/uploads/npa/product/img/3741_20220513114802.jpg,https://www.ttbbank.com/property/property/detail/B12487
B12763,ห้องชุดเลขที่ 107/280 ชั้น 13 (12A) โครงการเดอะสเตชั่น(สาทร-บางรัก) ซอยเจริญกรุง 65 ถนนเจริญกรุง แขวงยานนาวา เขตสาทร กรุงเทพมหานคร,0000-0-00.0 / 35.73 ตร.ม.,"2,359,000บาท",https://media.tmbbank.com/uploads/npa/product/img/3744_20220513150801.jpg,https://www.ttbbank.com/property/property/detail/B12763
P00309,ห้องชุดเลขที่ 135/200 ชั้น 8 อาคารชุด พี.จี.2 เดอะคอนโดเรสซิเด๊นท์ ถนนพระราม 9 แขวงห้วยขวาง เขตห้วยขวาง กรุงเทพมหานคร,0000-0-00.0 / 30.12 ตร.ม.,"2,387,000บาท",https://media.tmbbank.com/uploads/npa/product/img/3807_20220513151658.jpg,https://www.ttbbank.com/property/property/detail/P00309
P00308,ห้องชุดเลขที่ 135/96 ชั้น 5 อาคารชุด พี.จี.2 เดอะคอนโดเรสซิเด๊นท์ ถนนพระราม 9 แขวงห้วยขวาง เขตห้วยขวาง กรุงเทพมหานคร,0000-0-00.0 / 31.2 ตร.ม.,"2,403,000บาท",https://media.tmbbank.com/uploads/npa/product/img/3808_20220513151436.jpg,https://www.ttbbank.com/property/property/detail/P00308
P00362,ห้องชุดเลขที่ 1462/116 ชั้น 7 อาคาร D โครงการเดอะนิช โมโน  บางนา ถนนบางนา-ตราด แขวงบางนา เขตบางนา กรุงเทพมหานคร,0000-0-00.0 / 33.61 ตร.ม.,"2,404,000บาท",https://media.tmbbank.com/uploads/npa/product/img/3114_20210621171848.jpg,https://www.ttbbank.com/property/property/detail/P00362
P00198,95/398 ซอย 5/7 หมู่บ้านเดอะคอนเนค22 รามอินทรา-มีนบุรี ถนนสุวินทวงศ์ แขวงมีนบุรี เขตมีนบุรี กรุงเทพมหานคร,0000-0-18.2 / 18.2 ตร.ว.,"2,420,000บาท",https://media.tmbbank.com/uploads/npa/product/img/2122_20191217153255.jpg,https://www.ttbbank.com/property/property/detail/P00198
P00196,กรรมสิทธิ์ห้องชุดเลขที่ 3/556 ชั้น 13 อาคารบี อาคารชุดลุมพินีเพลส พระราม8 แขวงบางยี่ขัน เขตบางพลัด กรุงเทพมหานคร,0000-0-00.0 / 35.06 ตร.ม.,"2,431,000บาท",https://media.tmbbank.com/uploads/npa/product/img/2146_20200106110810.jpg,https://www.ttbbank.com/property/property/detail/P00196
P00037,"219, 221 หมู่บ้านสุขทวี วิลเลจ ซอยบรมราชชนนี 76 ถนนบรมราชชนนี แขวงบางระมาด เขตตลิ่งชัน กรุงเทพมหานคร",0000-0-40.0 / 40 ตร.ว.,"2,450,000บาท",https://media.tmbbank.com/uploads/npa/product/img/462_20210122154738.jpg,https://www.ttbbank.com/property/property/detail/P00037
P00197,กรรมสิทธิ์ห้องชุดเลขที่ 3/557 ชั้น 13 อาคารบี อาคารชุดลุมพินีเพลส พระราม8 แขวงบางยี่ขัน เขตบางพลัด กรุงเทพมหานคร,0000-0-00.0 / 35.32 ตร.ว.,"2,453,000บาท",https://media.tmbbank.com/uploads/npa/product/img/2147_20210217163618.jpg,https://www.ttbbank.com/property/property/detail/P00197
P00333,ห้องชุดเลขที่ 789/34 ชั้น 7 โครงการไอดิโอ โมบิ วงศ์สว่าง-อินเตอร์เชนจ์ ถนนกรุงเทพ-นนทบุรี แขวงวงศ์สว่าง เขตบางซื่อ กรุงเทพมหานคร,0000-0-00.0 / 24.63 ตร.ม.,"2,519,000บาท",https://media.tmbbank.com/uploads/npa/product/img/3756_20220513125644.jpg,https://www.ttbbank.com/property/property/detail/P00333
P00465,ห้องชุดเลขที่ 33/476 อาคารเอชั้น 16 ถนนราชพฤกษ์ โครงการเดอะคีย์ สาทร ราชพฤกษ์ แขวงบางค้อ เขตจอมทอง กรุงเทพมหานคร,000-0-00.0 / 30.63 ตร.ม.,"2,595,000บาท",https://media.tmbbank.com/uploads/npa/product/img/3427_20210706173815.jpg,https://www.ttbbank.com/property/property/detail/P00465
P00159,62/146 หมู่บ้านเนอวานา คัฟเวอร์  ซอยอ่อนนุช 65  ถนนอ่อนนุช แขวงประเวศ เขตประเวศ กรุงเทพมหานคร,0000-0-17.9 / 17.9 ตร.ว.,"2,600,000บาท",https://media.tmbbank.com/uploads/npa/product/img/2024_20210219163347.jpg,https://www.ttbbank.com/property/property/detail/P00159
P00008,159/424 พาราไดซ์ เทอเรซ ซอยร่มเกล้า 36 ถนนร่มเกล้า แขวงคลองสามประเวศ เขตลาดกระบัง กรุงเทพมหานคร,0000-0-18.0 / 18 ตร.ว.,"2,700,000บาท",https://media.tmbbank.com/uploads/npa/product/img/280_20201217143442.jpg,https://www.ttbbank.com/property/property/detail/P00008
P00205,244/33 หมู่บ้านขุมทรัพย์แลนด์ ซอยราษฎร์อุทิศ 34 ถนนราษฎร์อุทิศ แขวงแสนแสบ เขตมีนบุรี กรุงเทพมหานคร,0000-0-50.0 / 50 ตร.ว.,"2,750,000บาท",https://media.tmbbank.com/uploads/npa/product/img/2485_20201103164605.jpg,https://www.ttbbank.com/property/property/detail/P00205
P00209,451/269 หมู่บ้านปัญฐิญา ซอย 28 ถนนสุวิทวงศ์ 11 แขวงแสนแสบ เขตมีนบุรี กรุงเทพมหานคร,0000-0-45.0 / 45 ตร.ว.,"2,761,000บาท",https://media.tmbbank.com/uploads/npa/product/img/2124_20191209145638.jpg,https://www.ttbbank.com/property/property/detail/P00209
P00329,339/101 หมู่บ้านซิตี้เซนส์ เพชรเกษม 69 ซอยเพชรเกษม 69 ถนนเพชรเกษม แขวงหลักสอง เขตบางแค กรุงเทพมหานคร,0000-0-18.1 / 18.1 ตร.ว.,"2,761,000บาท",https://media.tmbbank.com/uploads/npa/product/img/3638_20220315194501.jpg,https://www.ttbbank.com/property/property/detail/P00329
P00088,50/43 หมู่บ้านศุภาลัย เลค 4  ถ.คุ้มเกล้า แขวงแสนแสบ เขตมีนบุรี กรุงเทพมหานคร,0000-0-60.0 / 60 ตร.ว.,"2,800,000บาท",https://media.tmbbank.com/uploads/npa/product/img/1203_20201217144122.jpg,https://www.ttbbank.com/property/property/detail/P00088
P00265,19/207 หมู่บ้านเดอะคอนเนค 28 วัชรพล-เพิ่มสิน ถนนเพิ่มสิน ซอย22 แขวงคลองถนน เขตสายไหม กรุงเทพมหานคร,0000-0-21.0 / 21 ตร.ว.,"2,809,000บาท",https://media.tmbbank.com/uploads/npa/product/img/3898_20220803201153.jpg,https://www.ttbbank.com/property/property/detail/P00265
P00084,ห้องชุดเลขที่ 557/294 ชั้น 17 อาคาร 1 โครงการเลอริช ถนนสาธุประดิษฐ์ แขวงช่องนนทรี เขตยานนาวา กรุงเทพมหานคร,0000-0-00.0 / 48.22 ตร.ม.,"2,840,000บาท",https://media.tmbbank.com/uploads/npa/product/img/3692_20220406195333.jpg,https://www.ttbbank.com/property/property/detail/P00084
P00207,23 หมู่บ้านพรทวี วิลล่า 4 ซอยทวีวัฒนา 19/1 ถนนเลียบคลองทวีวัฒนา แขวงทวีวัฒนา เขตตลิ่งชัน กรุงเทพมหานคร,0000-0-24.0 / 24 ตร.ว.,"2,860,000บาท",https://media.tmbbank.com/uploads/npa/product/img/2004_20210318105615.jpg,https://www.ttbbank.com/property/property/detail/P00207
P00274,19/236 โครงการเดอะคอนเนค 28 เพิ่มสิน-วัชรพล ถนนเพิ่มสิน แขวงคลองถนน เขตสายไหม กรุงเทพมหานคร,0000-0-21.0 / 21 ตร.ว.,"2,860,000บาท",https://media.tmbbank.com/uploads/npa/product/img/3766_20220513153449.jpg,https://www.ttbbank.com/property/property/detail/P00274
P00351,ห้องชุดเลขที่ 4288/510  ชั้น23 อาคารA โครงการแอสปาย พระราม 4 ถนนกล้วยน้ำไท แขวงพระโขนง เขตคลองเตย กรุงเทพมหานคร,0000-0-00.0 / 28.42 ตร.ม.,"2,877,000บาท",https://media.tmbbank.com/uploads/npa/product/img/3074_20210624151843.jpg,https://www.ttbbank.com/property/property/detail/P00351
P00035,9/36 หมู่บ้านเดอสยาม สวนหลวง ร.9 ซอยเฉลิมพระเกียรติร.9 ซอย 38 ถนนเฉลิมพระเกียรติ ร.9 แขวงดอกไม้ เขตประเวศ กรุงเทพมหานคร,0000-0-24.7 / 24.7 ตร.ว.,"2,900,000บาท",https://media.tmbbank.com/uploads/npa/product/img/470_20201216121732.jpg,https://www.ttbbank.com/property/property/detail/P00035
C10321,18/253 หมู่บ้านเดอะเมทโทร พระราม 9 ซอย4/3 (ในโครงการฯ) ถนนคู่ขนานมอเตอร์เวย์ แขวงประเวศ เขตประเวศ กรุงเทพมหานคร,0000-0-18.5 / 18.5 ตร.ว.,"2,960,000บาท",https://media.tmbbank.com/uploads/npa/product/img/3131_20210621101342.jpg,https://www.ttbbank.com/property/property/detail/C10321
P00457,406/101 หมู่บ้านอาร์ เค พาร์ค รามอินทรา-คู้บอน ถนนเลียบคลองสอง แขวงบางชัน เขตคลองสามวา กรุงเทพมหานคร,0000-0-25.6 / 25.6 ตร.ว.,"2,970,000บาท",https://media.tmbbank.com/uploads/npa/product/img/3309_20210625093148.jpg,https://www.ttbbank.com/property/property/detail/P00457
P00459,56/287 โครงการเดอะคอนเนค ดอนเมือง สรงประภา ซอย 10 (ในโครงการฯ) ถนนสรงประภา แขวงสีกัน เขตดอนเมือง กรุงเทพมหานคร,0000-0-20.9 / 20.9 ตร.ว.,"2,970,000บาท",https://media.tmbbank.com/uploads/npa/product/img/3311_20210624131908.jpg,https://www.ttbbank.com/property/property/detail/P00459
P00232,กรรมสิทธิ์ห้องชุดเลขที่ 6/17 ชั้น 3 ซอยลาดพร้าว 27  อาคารชุดเอเบิลส์ คอนโดลาดพร้าว 27 แขวงจันทรเกษม เขตจตุจักร กรุงเทพมหานคร,0000-0-00.0 / 44.97 ตร.ม.,"3,067,000บาท",https://media.tmbbank.com/uploads/npa/product/img/2154_20200108164017.jpg,https://www.ttbbank.com/property/property/detail/P00232
P00228,775/117 หมู่บ้านเมดิโอ้ นิมิตใหม่ ถ.นิมิตใหม่ แขวงทรายกองดิน เขตคลองสามวา กรุงเทพมหานคร,0000-0-22.5 / 22.5 ตร.ว.,"3,135,000บาท",https://media.tmbbank.com/uploads/npa/product/img/3836_20220605085936.jpg,https://www.ttbbank.com/property/property/detail/P00228
P00360,ห้องชุดเลขที่ 402/40 ชั้น 3 โครงการเจ.ดับบลิว.บูเลอวาร์ด ถนนศรีวรา แขวงพลับพลา เขตวังทองหลาง กรุงเทพมหานคร,0000-0-00.0 / 58.03 ตร.ม.,"3,193,000บาท",https://media.tmbbank.com/uploads/npa/product/img/3057_20210621171638.jpg,https://www.ttbbank.com/property/property/detail/P00360
P00358,ห้องชุดเลขที่ 6/93 ชั้น 4 อาคารD โครงการไอคอนโด สุขุมวิท 103 ถนนอุดมสุข ซอย 58 แขวงบางนา เขตบางนา กรุงเทพมหานคร,0000-0-00.0 / 48.99 ตร.ม.,"3,233,000บาท",https://media.tmbbank.com/uploads/npa/product/img/3015_20210617121946.jpg,https://www.ttbbank.com/property/property/detail/P00358
P00078,9/37 หมู่บ้านเดอสยาม สวนหลวง ร.9 ซอยเฉลิมพระเกียรติร.9 ซอย38 ถนนเฉลิมพระเกียรติ ร.9 แขวงดอกไม้ เขตประเวศ กรุงเทพมหานคร,0000-0-27.1 / 27.1 ตร.ว.,"3,250,000บาท",https://media.tmbbank.com/uploads/npa/product/img/475_20201216122403.jpg,https://www.ttbbank.com/property/property/detail/P00078
P00206,43/359 หมู่บ้านทวีทอง 110 ซอยเพชรเกษม 110  ถนนเพชรเกษม แขวงหนองค้างพลู เขตหนองแขม กรุงเทพมหานคร,0000-0-35.9 / 35.9 ตร.ว.,"3,300,000บาท",https://media.tmbbank.com/uploads/npa/product/img/1824_20191217155917.jpg,https://www.ttbbank.com/property/property/detail/P00206
P00251,34/192 หมู่บ้านเดอะคอนเนค 27 ถนนเฉลิมพระเกียรติ ร.9 ซอยเฉลิมพระเกียรติ ร.9 ซอย67 แขวงประเวศ เขตประเวศ กรุงเทพมหานคร,0000-0-21.0 / 21 ตร.ว.,"3,300,000บาท",https://media.tmbbank.com/uploads/npa/product/img/3839_20220604120714.jpg,https://www.ttbbank.com/property/property/detail/P00251
P00451,3/28 หมู่บ้านสรัญธร ซอยพุทธบูชา 36 ถนนพุทธบูชา แขวงบางมด เขตทุ่งครุ กรุงเทพมหานคร,0000-0-21.3 / 21.3 ตร.ว.,"3,300,000บาท",https://media.tmbbank.com/uploads/npa/product/img/3301_20210621102937.jpg,https://www.ttbbank.com/property/property/detail/P00451
P00330,ห้องชุดเลขที่ 299/230 ชั้น 24 อาคารชุด รึธึม อโศก  ถนนอโศก-ดินแดง แขวงมักกะสัน เขตราชเทวี กรุงเทพมหานคร,0000-0-00.0 / 22.07 ตร.ม.,"3,399,000บาท",https://media.tmbbank.com/uploads/npa/product/img/3816_20220510140457.jpg,https://www.ttbbank.com/property/property/detail/P00330
B12231,236/9 หมู่บ้านวิเศษสุข 14 ซอยประชาอุทิศ 92 ถนนประชาอุทิศ แขวงทุ่งครุ เขตราษฎร์บูรณะ กรุงเทพมหานคร,0000-0-53.9 / 53.9 ตร.ว.,"3,400,000บาท",https://media.tmbbank.com/uploads/npa/product/img/3783_20220513112955.jpg,https://www.ttbbank.com/property/property/detail/B12231
P00359,ห้องชุดเลขที่ 772/109 ชั้น 9 โครงการยู ดีไลท์ เรสซิเดนซ์ ริเวอร์ฟร้อนท์ พระราม 3 ถนนพระราม 3 แขวงบางโพงพาง เขตยานนาวา กรุงเทพมหานคร,0000-0-00.0 / 34.12 ตร.ม.,"3,416,000บาท",https://media.tmbbank.com/uploads/npa/product/img/3017_20210621171544.jpg,https://www.ttbbank.com/property/property/detail/P00359
C10153,22/148 หมู่บ้านมณฑล7 ถนนเลียบคลองทวีวัฒนา แขวงบางแคเหนือ เขตบางแค กรุงเทพมหานคร,0000-0-35.0 / 35 ตร.ว.,"3,449,000บาท",https://media.tmbbank.com/uploads/npa/product/img/3236_20210618171202.jpg,https://www.ttbbank.com/property/property/detail/C10153
B12875,579/332 โครงการเดอะคอนเนค สุขสวัสดิ์ 26 ซอยสุขสวัสดิ์ 26 ถนนสุขสวัสดิ์ แขวงบางมด เขตจอมทอง กรุงเทพมหานคร,0000-0-33.3 / 33.3 ตร.ว.,"3,465,000บาท",https://media.tmbbank.com/uploads/npa/product/img/3785_20220513131857.jpg,https://www.ttbbank.com/property/property/detail/B12875
P00080,19/10 หมู่บ้านสรัญทร ไพรเวท ซอยพุทธบูชา 36 แยก 1 ถนนพุทธบูชา แขวงบางมด เขตทุ่งครุ กรุงเทพมหานคร,0000-0-35.1 / 35.1 ตร.ว.,"3,500,000บาท",https://media.tmbbank.com/uploads/npa/product/img/663_20210217165248.jpg,https://www.ttbbank.com/property/property/detail/P00080
P00134,4/89 ซอยอนามัยงามเจริญ 25 หมู่บ้านคาซ่า ยูเรก้า พระราม2 ซอย 33 ถนนพระราม 2 แขวงท่าข้าม เขตบางขุนเทียน กรุงเทพมหานคร,0000-0-21.2 / 21.2 ตร.ว.,"3,500,000บาท",https://media.tmbbank.com/uploads/npa/product/img/1654_20210219165303.jpg,https://www.ttbbank.com/property/property/detail/P00134
P00090,115/249 ซอย 20 หมู่บ้านชนันธร วินมิลล์ ถนนเลียบคลองภาษีเจริญฝั่งใต้ แขวงหนองแขม เขตหนองแขม กรุงเทพมหานคร,0000-0-31.6 / 31.6 ตร.ว.,"3,506,000บาท",https://media.tmbbank.com/uploads/npa/product/img/841_20210219164408.jpg,https://www.ttbbank.com/property/property/detail/P00090
P00240,79/32 ซอยนวมินทร์ 86 หมู่บ้านเดอะแพลนซ์ ซิตี้ นวมินทร์ ถนนนวมินทร์ แขวงรามอินทรา เขตคันนายาว กรุงเทพมหานคร,0000-0-16.9 / 16.9 ตร.ว.,"3,520,000บาท",https://media.tmbbank.com/uploads/npa/product/img/3792_20220511164512.jpg,https://www.ttbbank.com/property/property/detail/P00240
P00469,1/3 ซอยคู้บอน 27 แยก 36 ถนนคู้บอน โครงการเดอะแม็กช์ทาวน์โฮม แขวงท่าแร้ง เขตบางเขน กรุงเทพมหานคร,0000-0-27.4 / 27.4 ตร.ว.,"3,575,000บาท",https://media.tmbbank.com/uploads/npa/product/img/3431_20210706175024.jpg,https://www.ttbbank.com/property/property/detail/P00469
B12816,ห้องชุดเลขที่ 88/443 อาคาร เอ ชั้น 29 โครงการโพรดิจี้ เอ็มอาร์ที บางแค ถนนเพชรเกษม แขวงบางหว้า เขตภาษีเจริญ กรุงเทพมหานคร,0000-0-00.0 / 30.11 ตร.ม.,"3,578,000บาท",https://media.tmbbank.com/uploads/npa/product/img/3745_20220513143856.jpg,https://www.ttbbank.com/property/property/detail/B12816
P00249,458/104 หมู่บ้านธนาภิรมย์ ซอย 6 ซอยเพชรเกษม69 ถนนเลียบคลองภาษีเจริญฝั่งเหนือ แขวงหนองแขม เขตหนองแขม กรุงเทพมหานคร,0000-0-54.3 / 54.3 ตร.ว.,"3,630,000บาท",https://media.tmbbank.com/uploads/npa/product/img/3601_20220202080730.jpg,https://www.ttbbank.com/property/property/detail/P00249
P00028,2/99 หมู่บ้านบ้านกลางเมือง พระราม9-รามคำแหง ถนนกรุงเทพกรีฑา แขวงหัวหมาก เขตบางกะปิ กรุงเทพมหานคร,0000-0-19.9 / 19.9 ตร.ว.,"3,700,000บาท",https://media.tmbbank.com/uploads/npa/product/img/467_20210107115941.jpg,https://www.ttbbank.com/property/property/detail/P00028
P00105,105/33 ถนนนวมินทร์  แขวงคลองจั่น เขตบางกะปิ กรุงเทพมหานคร,0000-0-17.6 / 17.6 ตร.ว.,"3,950,000บาท",https://media.tmbbank.com/uploads/npa/product/img/1830_20210216142001.jpg,https://www.ttbbank.com/property/property/detail/P00105
P00118,"78/192, 78/193 ซอยเพชรเกษม 106 หมู่บ้านเพชรทวีสุข ซอย1 แยก 1 ถนนเพชรเกษม แขวงหนองค้างพลู เขตหนองแขม กรุงเทพมหานคร",0000-0-46.4 / 46.4 ตร.ว.,"4,000,000บาท",https://media.tmbbank.com/uploads/npa/product/img/1657_20210904175122.jpg,https://www.ttbbank.com/property/property/detail/P00118
P00006,20/245 หมู่บ้านภัสสร 13 ซอย 20 ถนนสุวินทวงศ์ 86 แขวงลำผักชี เขตหนองจอก กรุงเทพมหานคร,0000-1-00.0 / 100 ตร.ว.,"4,000,000บาท",https://media.tmbbank.com/uploads/npa/product/img/1541_20191216094147.jpg,https://www.ttbbank.com/property/property/detail/P00006
B12977,ซอยพระราม 2 ซอย 39 ถนนพระราม 2 แขวงท่าข้าม เขตบางขุนเทียน กรุงเทพมหานคร,0000-1-02.6 / 102.6 ตร.ว.,"4,059,000บาท",https://media.tmbbank.com/uploads/npa/product/img/3896_20220803195058.jpg,https://www.ttbbank.com/property/property/detail/B12977
P00312,88/112 โครงการเบล็สทาวน์ รามอินทรา 127 ซอยรามอินทรา 127 ถนนรามอินทรา แขวงมีนบุรี เขตมีนบุรี กรุงเทพมหานคร,0000-0-19.3 / 19.3 ตร.ว.,"4,070,000บาท",https://media.tmbbank.com/uploads/npa/product/img/3814_20220513142326.jpg,https://www.ttbbank.com/property/property/detail/P00312
C10155,268/74 หมู่บ้านเดอะไพร์ พัฒนาสิริ ถนนเลียบคลองสอง แขวงบางชัน เขตคลองสามวา กรุงเทพมหานคร,0000-0-43.4 / 43.4 ตร.ว.,"4,169,000บาท",https://media.tmbbank.com/uploads/npa/product/img/3238_20210617115649.jpg,https://www.ttbbank.com/property/property/detail/C10155
B12773,90/99 โครงการทาวน์พลัส ลาดพร้าว 101 ซอยโพธิ์แก้ว 2 ถนนโพธิ์แก้ว แขวงคลองจั่น เขตบางกะปิ กรุงเทพมหานคร,0000-0-29.1 / 29.1 ตร.ว.,"4,180,000บาท",https://media.tmbbank.com/uploads/npa/product/img/3790_20220513150310.jpg,https://www.ttbbank.com/property/property/detail/B12773
P00276,ห้องชุดเลขที่ 98/258 ชั้น 6 อาคาร B  อาคารชุดเดอะนายน์ เพลส  ซอยเฉลยสุข ถนนศรีนครินทร์ แขวงหนองบอน เขตประเวศ กรุงเทพมหานคร,0000-0-00.0 / 63.74 ตร.ม.,"4,207,000บาท",https://media.tmbbank.com/uploads/npa/product/img/3588_20220120154855.jpg,https://www.ttbbank.com/property/property/detail/P00276
P00280,"695/562,695/563 ชั้นที่ 26 อาคารชุด ยู ดีไลท์ 2 @บางชื่อ สเตชั่น ถนนประชาชื่น แขวงบางซื่อ เขตบางซื่อ กรุงเทพมหานคร",0000-0-00.0 / 54.09 ตร.ม.,"4,345,000บาท",https://media.tmbbank.com/uploads/npa/product/img/3897_20220803200848.jpg,https://www.ttbbank.com/property/property/detail/P00280
P00404,8/59 หมู่บ้านอมรพันธ์นคร ซอย6/2 (ในโครงการฯ) ถนนสวนสยาม แขวงคันนายาว เขตบางกะปิ กรุงเทพมหานคร,0000-0-55.0 / 55 ตร.ว.,"4,379,000บาท",https://media.tmbbank.com/uploads/npa/product/img/3014_20210624163036.jpg,https://www.ttbbank.com/property/property/detail/P00404
C10311,44/95 ซอย3/1 หมู่บ้านพนาสนธิ์ การ์เด้นโฮม 8 ถนนนิมิตใหม่ ซอย 12 แขวงทรายกองดิน เขตคลองสามวา กรุงเทพมหานคร,0000-0-76.2 / 76.2 ตร.ว.,"4,400,000บาท",https://media.tmbbank.com/uploads/npa/product/img/3106_20210624221349.jpg,https://www.ttbbank.com/property/property/detail/C10311
P00306,ห้องชุดเลขที่ 4371/614 ชั้น 20 โครงการไอดีโอ โมบิ สุขุมวิท อีสท์เกต ถนนสุขุมวิท แขวงบางนา เขตบางนา กรุงเทพมหานคร,0000-0-00.0 / 30.39 ตร.ม.,"4,430,000บาท",https://media.tmbbank.com/uploads/npa/product/img/3691_20220406190652.jpg,https://www.ttbbank.com/property/property/detail/P00306
B12765,79/45 โครงการเดอะซีซั่น เพชรเกษม 69 ถนนเลียบคลองภาษีเจริญฝั่งใต้ แขวงหนองแขม เขตหนองแขม กรุงเทพมหานคร,0000-0-49.7 / 49.7 ตร.ว.,"4,620,000บาท",https://media.tmbbank.com/uploads/npa/product/img/3685_20220406191825.jpg,https://www.ttbbank.com/property/property/detail/B12765
B12795,89/198 โครงการศุภาลัย วิลล์ หลักสี่-ดอนเมือง ซอย 3 ซอยช่างอากาศอุทิศ 5 ถนนช่างอากาศอุทิศ แขวงสีกัน เขตดอนเมือง กรุงเทพมหานคร,0000-0-30.2 / 30.2 ตร.ว.,"4,730,000บาท",https://media.tmbbank.com/uploads/npa/product/img/3623_20220315203459.jpg,https://www.ttbbank.com/property/property/detail/B12795
P00299,20/14 หมู่บ้าน เดอะ เมโทร พระราม 9 ถนนคู่ขนานมอเตอร์เวย์ (ทล.3072) แขวงประเวศ เขตประเวศ กรุงเทพมหานคร,0000-0-25.0 / 25 ตร.ว.,"4,730,000บาท",https://media.tmbbank.com/uploads/npa/product/img/3564_20211230100005.jpg,https://www.ttbbank.com/property/property/detail/P00299
B12698,88/291 โครงการบ้านกลางเมืองลูเซิร์น สุขุมวิท ซอยอ่อนนุช 46 ถนนอ่อนนุช แขวงสวนหลวง เขตสวนหลวง กรุงเทพมหานคร,0000-0-21.5 / 21.5 ตร.ว.,"4,868,000บาท",https://media.tmbbank.com/uploads/npa/product/img/3627_20220315205402.jpg,https://www.ttbbank.com/property/property/detail/B12698
B12638,188 หมู่บ้าน คาซ่า ยูเรก้า ซอย 5 ซอยเพชรเกษม 63/4 ถนนเพชรเกษม แขวงบางแค เขตบางแค กรุงเทพมหานคร,0000-0-32.6 / 32.6 ตร.ว.,"4,950,000บาท",https://media.tmbbank.com/uploads/npa/product/img/3562_20220110094321.jpg,https://www.ttbbank.com/property/property/detail/B12638
P00112,42/368  หมู่บ้านอรุณทอง 2 ซอย 18 ถนนเลียบคลองภาษีเจริญฝั่งเหนือ แขวงหนองแขม เขตหนองแขม กรุงเทพมหานคร,0000-1-10.0 / 110 ตร.ว.,"4,957,000บาท",https://media.tmbbank.com/uploads/npa/product/img/1443_20190411131536.jpg,https://www.ttbbank.com/property/property/detail/P00112
P00453,1/13 โครงการซิกเนเจอร์ เอกชัย-บางบอน ซอยเอกชัย 64/5 ถนนเอกชัย แขวงบางบอน เขตบางบอน กรุงเทพมหานคร,0000-0-20.4 / 20.4 ตร.ว.,"5,029,000บาท",https://media.tmbbank.com/uploads/npa/product/img/3304_20210621103623.jpg,https://www.ttbbank.com/property/property/detail/P00453
P00341,98/131 โครงการแลนซีโอ วัชรพล-ทางด่วน ซอยสุขาภิบาล 5 แยก 32 ถนนสุขาภิบาล 5 แขวงออเงิน เขตสายไหม กรุงเทพมหานคร,0000-0-55.3 / 55.3 ตร.ว.,"5,280,000บาท",https://media.tmbbank.com/uploads/npa/product/img/3740_20220407113031.jpg,https://www.ttbbank.com/property/property/detail/P00341
B12877,ห้องชุดเลขที่ 222/1840 ชั้น 23 โครงการเดอะแพลทินั่ม แฟชั่นมอลล์  ถนนเพชรบุรี แขวงถนนเพชรบุรี เขตราชเทวี กรุงเทพมหานคร,0000-0-00.0 / 48.61 ตร.ม.,"5,348,000บาท",https://media.tmbbank.com/uploads/npa/product/img/3752_20220510133754.jpg,https://www.ttbbank.com/property/property/detail/B12877
P00250,77/15 หมู่บ้านบ้านภัสสร 19 วัชรพล-วงแหวน ถนนจตุโชติ แขวงออเงิน เขตสายไหม กรุงเทพมหานคร,0000-0-54.3 / 54.3 ตร.ว.,"5,500,000บาท",https://media.tmbbank.com/uploads/npa/product/img/2410_20200720113441.jpg,https://www.ttbbank.com/property/property/detail/P00250
P00458,111/30 โครงการไพรเวท เนอวานาไลฟ์ เอ็กซ์คลูซีฟ ซอยโยธินพัฒนา (นวมินทร์ 111 แยก 15) ถนนประดิษฐมนูธรรม แขวงคลองกุ่ม เขตบึงกุ่ม กรุงเทพมหานคร,0000-0-24.5 / 24.5 ตร.ว.,"5,500,000บาท",https://media.tmbbank.com/uploads/npa/product/img/3310_20210624131759.jpg,https://www.ttbbank.com/property/property/detail/P00458
P00263,"197/14, 197/15 ซอยสะแกงาม 35/2 แยก 3 หมู่บ้านมั่งมีศรีสุข ถนนสะแกงาม แขวงแสมดำ เขตบางขุนเทียน กรุงเทพมหานคร",0000-0-40.0 / 40 ตร.ว.,"5,500,000บาท",https://media.tmbbank.com/uploads/npa/product/img/2864_20210409093841.jpg,https://www.ttbbank.com/property/property/detail/P00263
P00293,98/27 หมู่บ้านดีลักซ์ ทาวน์ ซอยรามอินทรา 34 ถนนรามอินทรา แขวงท่าแร้ง เขตบางเขน กรุงเทพมหานคร,0000-0-23.0 / 23 ตร.ว.,"5,544,000บาท",https://media.tmbbank.com/uploads/npa/product/img/3589_20220120134535.jpg,https://www.ttbbank.com/property/property/detail/P00293
P00409,9/320 หมู่บ้านลลิล อินเดอะพาร์ค วัชรพล ซอยวัชรพล 3 แยก3 ถนนวัชรพล แขวงคลองถนน เขตสายไหม กรุงเทพมหานคร,0000-0-72.3 / 72.3 ตร.ว.,"5,600,000บาท",https://media.tmbbank.com/uploads/npa/product/img/3021_20210624162655.jpg,https://www.ttbbank.com/property/property/detail/P00409
P00261,หมู่บ้านกฤษดานคร 20 ซอยนพรัตน์ 12 ถนนบรมราชชนนี แขวงบางระมาด เขตตลิ่งชัน กรุงเทพมหานคร,0000-1-51.0 / 151 ตร.ว.,"5,648,000บาท",https://media.tmbbank.com/uploads/npa/product/img/2621_20210219140814.jpg,https://www.ttbbank.com/property/property/detail/P00261
P00464,ห้องชุดเลขที่ 377/121 ชั้น 20 ซ.นราธิวาสราชนครินทร์ 24 ถ.นราธิวาสราชนครินทร์ โครงการเบ็ลพาร์ค เรสซิเด้นซ์ 2 แขวงช่องนนทรี เขตยานนาวา กรุงเทพมหานคร,000-0-00.0 / 81.71 ตร.ม.,"5,663,000บาท",https://media.tmbbank.com/uploads/npa/product/img/3426_20210706173107.jpg,https://www.ttbbank.com/property/property/detail/P00464
P00188,99/16 หมู่บ้านภณาสิริ ซอยประเสริฐมนูกิจ 29 ถนนประเสริฐมนูกิจ แขวงจรเข้บัว เขตลาดพร้าว กรุงเทพมหานคร,0000-0-22.5 / 22.5 ตร.ว.,"5,700,000บาท",https://media.tmbbank.com/uploads/npa/product/img/2161_20200212145906.jpg,https://www.ttbbank.com/property/property/detail/P00188
P00149,200/188 หมู่บ้านมัณฑนา วัชรพล-รามอินทรา 2 ซอย9 ถนนร่วมมิตรพัฒนา แขวงท่าแร้ง เขตบางเขน กรุงเทพมหานคร,0000-0-57.0 / 57 ตร.ว.,"5,764,000บาท",https://media.tmbbank.com/uploads/npa/product/img/2582_20201109120726.jpg,https://www.ttbbank.com/property/property/detail/P00149
P00278,ห้องชุดเลขที่ 145/205 ชั้น 19 อาคารชุด ริชชี่ ทาวเวอร์ ถนนเพชรเกษม แขวงปากคลองภาษีเจริญ เขตภาษีเจริญ กรุงเทพมหานคร,0000-0-00.0 / 105.78 ตร.ม.,"5,818,000บาท",https://media.tmbbank.com/uploads/npa/product/img/2801_20210402104829.jpg,https://www.ttbbank.com/property/property/detail/P00278
B12915,88/34 โครงการเดอะแกรนด์ วงแหวน-ประชาอุทิศ ถนนเลียบวงแหวนรอบนอกฝั่งใต้ แขวงทุ่งครุ เขตทุ่งครุ กรุงเทพมหานคร,0000-0-54.0 / 54 ตร.ว.,"5,940,000บาท",https://media.tmbbank.com/uploads/npa/product/img/3799_20220512113246.jpg,https://www.ttbbank.com/property/property/detail/B12915
P00063,99/56 หมู่บ้านกลางเมือง สาธร-ตากสิน 2 แขวงบางค้อ เขตจอมทอง กรุงเทพมหานคร,0000-0-20.0 / 20 ตร.ว.,"6,000,000บาท",https://media.tmbbank.com/uploads/npa/product/img/3543_20220106151239.jpg,https://www.ttbbank.com/property/property/detail/P00063
P00107,385/6 ซอยพระรามที่ 2 ซอย33 หมู่บ้านพันนารายณ์ ถนนพระราม 2 แขวงท่าข้าม เขตบางขุนเทียน กรุงเทพมหานคร,0000-0-63.4 / 63.4 ตร.ว.,"6,200,000บาท",https://media.tmbbank.com/uploads/npa/product/img/1666_20191218140339.jpg,https://www.ttbbank.com/property/property/detail/P00107
B12818,990 หมู่บ้านเพอร์เฟค การ์เด้น รามคำแหง ซอยเคหะร่มเกล้า 64 ถนนเคหะร่มเกล้า แขวงคลองสองต้นนุ่น เขตลาดกระบัง กรุงเทพมหานคร,0000-0-78.0 / 78 ตร.ว.,"6,270,000บาท",https://media.tmbbank.com/uploads/npa/product/img/3724_20220404204212.jpg,https://www.ttbbank.com/property/property/detail/B12818
P00132,90/458 หมู่บ้านมัณฑนา ซอย2/2  ซอยพระยาสุเรนทร์ 26 ถนนพระยาสุเรนทร์  แขวงบางชัน เขตมีนบุรี กรุงเทพมหานคร,0000-0-84.0 / 84 ตร.ว.,"6,400,000บาท",https://media.tmbbank.com/uploads/npa/product/img/981_20201217145528.jpg,https://www.ttbbank.com/property/property/detail/P00132
P00109,"89/207, 89/208 ซอยสะแกงาม 39/1 ถนนสะแกงาม แขวงแสมดำ เขตบางขุนเทียน กรุงเทพมหานคร",0000-0-40.0 / 40 ตร.ว.,"6,500,000บาท",https://media.tmbbank.com/uploads/npa/product/img/1431_20201204165413.jpg,https://www.ttbbank.com/property/property/detail/P00109
P00454,8/58 โครงการบ้านกลางเมือง งามวงศ์วาน ซอยงามวงศ์วาน 47 แยก 6 ถนนงามวงศ์วาน แขวงทุ่งสองห้อง เขตหลักสี่ กรุงเทพมหานคร,0000-0-25.7 / 25.7 ตร.ว.,"6,600,000บาท",https://media.tmbbank.com/uploads/npa/product/img/3305_20210624131226.jpg,https://www.ttbbank.com/property/property/detail/P00454
P00460,444/77-78 ซ.ประชาอุทิศ 33 แยก 10 ถ.ประชาอุทิศ หมู่บ้านทรัพย์รุ่งเรือง แขวงบางมด เขตทุ่งครุ กรุงเทพมหานคร,0000-0-42.0 / 42 ตร.ว.,"6,600,000บาท",https://media.tmbbank.com/uploads/npa/product/img/3422_20210706164835.jpg,https://www.ttbbank.com/property/property/detail/P00460
C10359,300/30 โครงการพรีเมี่ยม เพลส นวมินทร์-สุขาภิบาล 1 แขวงนวมินทร์ เขตบึงกุ่ม กรุงเทพมหานคร,0000-0-26.1 / 26.1 ตร.ว.,"6,820,000บาท",https://media.tmbbank.com/uploads/npa/product/img/3306_20210624131324.jpg,https://www.ttbbank.com/property/property/detail/C10359
P00192,ห้องชุดเลขที่ 252/177-178 ชั้น 19 โครงการแวนเทจ ถนนรัชดาภิเษก แขวงลาดยาว เขตจตุจักร กรุงเทพมหานคร,0000-0-00.0 / 76.81 ตร.ม.,"6,928,000บาท",https://media.tmbbank.com/uploads/npa/product/img/3722_20220406194930.jpg,https://www.ttbbank.com/property/property/detail/P00192
P00307,89/15 โครงการบ้านกลางเมือง Urbanion สาทร-ราชพฤกษ์ ซอยราชพฤกษ์ 6 ถนนราชพฤกษ์ แขวงบางแวก เขตภาษีเจริญ กรุงเทพมหานคร,0000-0-29.1 / 29.1 ตร.ว.,"6,985,000บาท",https://media.tmbbank.com/uploads/npa/product/img/3684_20220406191205.jpg,https://www.ttbbank.com/property/property/detail/P00307
P00060,ห้องชุดเลขที่ 42/4-6 ชั้น 2 โครงการวนาภิรมย์ เพลส ซอยลาดพร้าว 15 แยก 9 ถนนลาดพร้าว แขวงลาดยาว เขตบางเขน กรุงเทพมหานคร,0000-0-00.0 / 153.05 ตร.ม.,"6,994,000บาท",https://media.tmbbank.com/uploads/npa/product/img/3737_20220406195900.jpg,https://www.ttbbank.com/property/property/detail/P00060
B12785,33/34 หมู่บ้านเสนา พาร์ค วิลล์ รามอินทรา-วงแหวน ถนนเลียบวงแหวนฝั่งตะวันออก แขวงคันนายาว เขตคันนายาว กรุงเทพมหานคร,0000-0-61.8 / 61.8 ตร.ว.,"7,260,000บาท",https://media.tmbbank.com/uploads/npa/product/img/3636_20220315201447.jpg,https://www.ttbbank.com/property/property/detail/B12785
B12711,55/54 โครงการรสา พาร์คเลน วัชรพล ซอย 3 ถนนวัชรพล แขวงคลองถนน เขตสายไหม กรุงเทพมหานคร,0000-0-58.7 / 58.7 ตร.ว.,"7,260,000บาท",https://media.tmbbank.com/uploads/npa/product/img/3768_20220513153259.jpg,https://www.ttbbank.com/property/property/detail/B12711
P00286,ซอยเทศบาลรังสฤษดิ์เหนือ ถนนเทศบาลนิมิตเหนือ แขวงบางซื่อ เขตบางซื่อ กรุงเทพมหานคร,0000-0-52.0 / 52 ตร.ว.,"7,436,000บาท",https://media.tmbbank.com/uploads/npa/product/img/2561_20201109104850.jpg,https://www.ttbbank.com/property/property/detail/P00286
B12941,422/203 หมู่บ้านฮาบิเทีย เวนต์ ซอย 8 ถนนปัญญาอินทรา แขวงสามวาตะวันตก เขตคลองสามวา กรุงเทพมหานคร,0000-1-00.4 / 100.4 ตร.ว.,"7,700,000บาท",https://media.tmbbank.com/uploads/npa/product/img/3978_20220817150719.jpg,https://www.ttbbank.com/property/property/detail/B12941
C10304,59/18 หมู่บ้านป.ผาสุก ถนนบรมราชชนนี แขวงบางระมาด เขตตลิ่งชัน กรุงเทพมหานคร,0000-0-96.0 / 96 ตร.ว.,"7,950,000บาท",https://media.tmbbank.com/uploads/npa/product/img/3081_20210624153218.jpg,https://www.ttbbank.com/property/property/detail/C10304
P00155,106/22 หมู่บ้านมัลลิกา ถนนบางแวก แขวงบางไผ่ เขตภาษีเจริญ กรุงเทพมหานคร,0000-1-00.0 / 100 ตร.ว.,"8,086,000บาท",https://media.tmbbank.com/uploads/npa/product/img/1649_20210318104512.jpg,https://www.ttbbank.com/property/property/detail/P00155
P00429,422/193 หมู่บ้านฮาบิเทีย เวนด์ ปัญญาอินทรา ถนนเลียบคลองสอง แขวงสามวาตะวันตก เขตคลองสามวา กรุงเทพมหานคร,0000-1-00.3 / 100.3 ตร.ว.,"8,305,000บาท",https://media.tmbbank.com/uploads/npa/product/img/3079_20210624221043.jpg,https://www.ttbbank.com/property/property/detail/P00429
P00337,222/121 ชั้นใต้ดิน 1 อาคารชุด ใบหยก 2 ซอยราชปรารภ 3 ถนนราชปรารภ แขวงถนนพญาไท เขตราชเทวี กรุงเทพมหานคร,0000-0-00.0 / 29.33 ตร.ม.,"8,389,000บาท",https://media.tmbbank.com/uploads/npa/product/img/3606_20220202090628.jpg,https://www.ttbbank.com/property/property/detail/P00337
P00219,252/56 หมู่บ้านเดอะเซนโทร ศรีนครินทร์-บางนา ซอยเฉลิมพระเกียรติ 28 แยก4 ถนนเฉลิมพระเกียรติ ร.9 แขวงหนองบอน เขตประเวศ กรุงเทพมหานคร,0000-0-64.6 / 64.6 ตร.ว.,"8,470,000บาท",https://media.tmbbank.com/uploads/npa/product/img/2126_20201216142235.jpg,https://www.ttbbank.com/property/property/detail/P00219
P00059,ห้องชุดเลขที่ 42/1-3 ชั้น 2 โครงการวนาภิรมย์ เพลส ซอยลาดพร้าว 15 แยก 9 ถนนลาดพร้าว แขวงลาดยาว เขตบางเขน กรุงเทพมหานคร,0000-0-00.0 / 186.71 ตร.ม.,"8,533,000บาท",https://media.tmbbank.com/uploads/npa/product/img/3736_20220406195623.jpg,https://www.ttbbank.com/property/property/detail/P00059
P00147,169/5 หมู่บ้านเดอะแพลทตินั่มเพลส ถนนโยธินพัฒนา แขวงคลองจั่น เขตบางกะปิ กรุงเทพมหานคร,0000-0-25.0 / 25 ตร.ว.,"8,600,000บาท",https://media.tmbbank.com/uploads/npa/product/img/1717_20210216142308.jpg,https://www.ttbbank.com/property/property/detail/P00147
P00431,88/272 หมู่บ้านเดอะแกรนด์ วงแหวน-ประชาอุทิศ ถนนเลียบถนนกาญจนาภิเษก แขวงทุ่งครุ เขตทุ่งครุ กรุงเทพมหานคร,0000-1-02.1 / 102.1 ตร.ว.,"8,800,000บาท",https://media.tmbbank.com/uploads/npa/product/img/3104_20210624153934.jpg,https://www.ttbbank.com/property/property/detail/P00431
P00029,267/48 ซอย8 หมู่บ้านคาซ่าวิลล์ ถนนราษฎร์พัฒนา แขวงสะพานสูง เขตสะพานสูง กรุงเทพมหานคร,0000-1-04.5 / 104.5 ตร.ว.,"9,500,000บาท",https://media.tmbbank.com/uploads/npa/product/img/2022_20210107144430.jpg,https://www.ttbbank.com/property/property/detail/P00029
P00302,21/70 โครงการถาวรนิเวศน์ 1 ซอยบางนา-ตราด 14  ถนนเทพรัตน(บางนา-ตราด) แขวงบางนา เขตพระโขนง กรุงเทพมหานคร,0000-1-12.0 / 112 ตร.ว.,"9,882,000บาท",https://media.tmbbank.com/uploads/npa/product/img/3633_20220315202200.jpg,https://www.ttbbank.com/property/property/detail/P00302
P00053,1079/10 หมู่บ้านดี แฟคตอรี่ ถนนบางขุนเทียน-ชายทะเล แขวงท่าข้าม เขตบางขุนเทียน กรุงเทพมหานคร,0000-1-40.5 / 140.5 ตร.ว.,"10,600,000บาท",https://media.tmbbank.com/uploads/npa/product/img/377_20191216112805.jpg,https://www.ttbbank.com/property/property/detail/P00053
P00190,69/330 หมู่บ้านเฟอร์เฟค เพลส รามคำแหง ซอยรามคำแหง 164 ถนนรามคำแหง แขวงมีนบุรี เขตมีนบุรี กรุงเทพมหานคร,0000-1-28.7 / 128.7 ตร.ว.,"10,780,000บาท",https://media.tmbbank.com/uploads/npa/product/img/1966_20210219155537.jpg,https://www.ttbbank.com/property/property/detail/P00190
P00146,66/71 หมู่บ้านนิศาชล ซอยบางแวก 79 ถนนบางแวก แขวงคลองขวาง เขตภาษีเจริญ กรุงเทพมหานคร,0000-1-29.0 / 129 ตร.ว.,"11,000,000บาท",https://media.tmbbank.com/uploads/npa/product/img/1045_20191217104101.jpg,https://www.ttbbank.com/property/property/detail/P00146
C10054,C102 ชั้น 1 ศูนย์การค้าเมเจอร์รัชโยธิน ถนนพหลโยธิน แขวงลาดยาว เขตจตุจักร กรุงเทพมหานคร,,"11,590,000บาท",https://media.tmbbank.com/uploads/npa/product/img/3220_20210621113913.jpg,https://www.ttbbank.com/property/property/detail/C10054
P00470,"ห้องชุดเลขที่ 908/215 ตึก 4 ชั้น 30,31 ถนนพระราม 3 โครงการเอสวีซิตี้ แขวงช่องนนทรี เขตยานนาวา กรุงเทพมหานคร",000-0-00.0 / 243.55 ตร.ม.,"12,408,000บาท",https://media.tmbbank.com/uploads/npa/product/img/3432_20210706175254.jpg,https://www.ttbbank.com/property/property/detail/P00470
C10252,8/14 หมู่บ้านลัดดารมย์ วัชรพล รัตนโกสินทร์ ซอย1(ในโครงการฯ) ถนนวัชรพล แขวงคลองถนน เขตสายไหม กรุงเทพมหานคร,0000-1-36.3 / 136.3 ตร.ว.,"12,500,000บาท",https://media.tmbbank.com/uploads/npa/product/img/2950_20210623213847.jpg,https://www.ttbbank.com/property/property/detail/C10252
C10041,372 ถนนสมเด็จพระเจ้าตากสิน แขวงบุคคโล เขตธนบุรี กรุงเทพมหานคร,0000-0-13.7 / 13.7 ตร.ว.,"13,000,000บาท",https://media.tmbbank.com/uploads/npa/product/img/3207_20210621113145.jpg,https://www.ttbbank.com/property/property/detail/C10041
P00003,"10, 12, 14 ซอยเสรีไทย 50 แยก 3 ถนนเสรีไทย แขวงคันนายาว เขตบางกะปิ กรุงเทพมหานคร",0001-0-82.0 / 482 ตร.ว.,"13,484,000บาท",https://media.tmbbank.com/uploads/npa/product/img/1026_20201216143306.jpg,https://www.ttbbank.com/property/property/detail/P00003
P00142,18/46 หมู่บ้านซีรีน กัลปพฤกษ์ ซอย 6 ถนนกัลปพฤกษ์  แขวงบางแค เขตบางแค กรุงเทพมหานคร,0000-0-87.3 / 87.3 ตร.ว.,"14,000,000บาท",https://media.tmbbank.com/uploads/npa/product/img/1043_20191217102214.jpg,https://www.ttbbank.com/property/property/detail/P00142
C10005,3/3-5 ถนนอ่อนนุช (สุขุมวิท 77) แขวงประเวศ เขตประเวศ กรุงเทพมหานคร,0000-0-65.1 / 65.1 ตร.ว.,"18,000,000บาท",https://media.tmbbank.com/uploads/npa/product/img/2936_20210621112557.jpg,https://www.ttbbank.com/property/property/detail/C10005
C10011,"117, 119 ถนนรามอินทรา แขวงคันนายาว เขตบางกะปิ กรุงเทพมหานคร",0000-0-42.0 / 42 ตร.ว.,"19,200,000บาท",https://media.tmbbank.com/uploads/npa/product/img/2952_20210617162055.jpg,https://www.ttbbank.com/property/property/detail/C10011
B12953,"25/21, 25/22 ถนนเพชรเกษม แขวงบางแค เขตภาษีเจริญ กรุงเทพมหานคร",0000-0-32.4 / 32.4 ตร.ว.,"21,890,000บาท",https://media.tmbbank.com/uploads/npa/product/img/3960_20220804174453.jpg,https://www.ttbbank.com/property/property/detail/B12953
B12687,"421, 423 ถนนรามอินทรา แขวงอนุสาวรีย์ เขตบางเขน กรุงเทพมหานคร",0000-0-39.3 / 39.3 ตร.ว.,"22,000,000บาท",https://media.tmbbank.com/uploads/npa/product/img/2362_20200722111023.jpg,https://www.ttbbank.com/property/property/detail/B12687
C10014,"1826,1828 ถนนอ่อนนุช (สุขุมวิท 77) แขวงสวนหลวง เขตสวนหลวง กรุงเทพมหานคร",0000-0-59.0 / 59 ตร.ว.,"23,000,000บาท",https://media.tmbbank.com/uploads/npa/product/img/2974_20210730091909.jpg,https://www.ttbbank.com/property/property/detail/C10014
P00403,88/30 หมู่บ้านเพอร์เฟค มาสเตอร์พีช รามคำแหง ถนนรามคำแหง ซอย174 แขวงมีนบุรี เขตมีนบุรี กรุงเทพมหานคร,0000-1-56.5 / 156.5 ตร.ว.,"23,500,000บาท",https://media.tmbbank.com/uploads/npa/product/img/3012_20210624163200.jpg,https://www.ttbbank.com/property/property/detail/P00403
C10052,"266,268,270 ถนนท่าดินแดง แขวงคลองสาน เขตคลองสาน กรุงเทพมหานคร",0000-0-30.2 / 30.2 ตร.ว.,"24,000,000บาท",https://media.tmbbank.com/uploads/npa/product/img/3218_20210625203613.jpg,https://www.ttbbank.com/property/property/detail/C10052
B12829,"1522, 1524 ถนนพัฒนาการ แขวงคลองเตย เขตพระโขนง กรุงเทพมหานคร",0000-0-38.4 / 38.4 ตร.ว.,"24,200,000บาท",https://media.tmbbank.com/uploads/npa/product/img/3525_20211218140406.jpg,https://www.ttbbank.com/property/property/detail/B12829
B12688,87-88 ถนนเสรีไทย แขวงคลองกุ่ม เขตบางกะปิ กรุงเทพมหานคร,0000-0-92.0 / 92 ตร.ว.,"24,840,000บาท",https://media.tmbbank.com/uploads/npa/product/img/2363_20200722110109.jpg,https://www.ttbbank.com/property/property/detail/B12688
P00421,20/6 หมู่บ้านSOUL รัชดาภิเษก 68 ถนนรัชดาภิเษก แขวงวงศ์สว่าง เขตบางซื่อ กรุงเทพมหานคร,0000-0-53.1 / 53.1 ตร.ว.,"25,000,000บาท",https://media.tmbbank.com/uploads/npa/product/img/3055_20210624160828.jpg,https://www.ttbbank.com/property/property/detail/P00421
B12833,"896, 898 ถนนรามคำแหง แขวงหัวหมาก เขตบางกะปิ กรุงเทพมหานคร",0000-0-83.3 / 83.3 ตร.ว.,"25,000,000บาท",https://media.tmbbank.com/uploads/npa/product/img/3531_20211218141953.jpg,https://www.ttbbank.com/property/property/detail/B12833
C10274,89/40 หมู่บ้านแกรนด์ บางกอก บูเลอวาร์ด ปิ่นเกล้า ถนนพุทธมณฑลสาย 2 แขวงศาลาธรรมสพน์ เขตทวีวัฒนา กรุงเทพมหานคร,0000-1-19.6 / 119.6 ตร.ว.,"27,500,000บาท",https://media.tmbbank.com/uploads/npa/product/img/3043_20210621093603.jpg,https://www.ttbbank.com/property/property/detail/C10274
C10040,61/48-49 ซอยนวมินทร์ 42 ถนนนวมินทร์ แขวงคลองกุ่ม เขตบึงกุ่ม กรุงเทพมหานคร,0000-0-62.0 / 62 ตร.ว.,"28,000,000บาท",https://media.tmbbank.com/uploads/npa/product/img/3206_20210617171200.jpg,https://www.ttbbank.com/property/property/detail/C10040
C10045,54/9-12 หมู่ 2 ถนนพระราม 2 แขวงบางมด เขตจอมทอง กรุงเทพมหานคร,0000-0-65.0 / 65 ตร.ว.,"28,800,000บาท",https://media.tmbbank.com/uploads/npa/product/img/3211_20210625202638.jpg,https://www.ttbbank.com/property/property/detail/C10045
C10006,"62, 64, 66, 68, 70 ถนนเพชรเกษม แขวงบางแคเหนือ เขตบางแค กรุงเทพมหานคร",0000-0-81.0 / 81 ตร.ว.,"35,000,000บาท",https://media.tmbbank.com/uploads/npa/product/img/2939_20210618165618.jpg,https://www.ttbbank.com/property/property/detail/C10006
C10008,2544 ถนนสุขุมวิท แขวงบางนา เขตพระโขนง กรุงเทพมหานคร,0000-0-63.7 / 63.7 ตร.ว.,"38,000,000บาท",https://media.tmbbank.com/uploads/npa/product/img/2944_20210730092012.jpg,https://www.ttbbank.com/property/property/detail/C10008
P00346,ห้องชุดเลขที่ 79/68 ชั้น26 โครงการเดอะรอยัล ศาลาแดง ถนนศาลาแดง แขวงสีลม เขตบางรัก กรุงเทพมหานคร,0000-0-00.0 / 235.01 ตร.ม.,"38,800,000บาท",https://media.tmbbank.com/uploads/npa/product/img/2990_20210621165433.jpg,https://www.ttbbank.com/property/property/detail/P00346
B12695,1 ถนนแฮปปี้แลนด์สาย 1  แขวงคลองจั่น เขตบางกะปิ กรุงเทพมหานคร,0000-0-80.0 / 80 ตร.ว.,"42,000,000บาท",https://media.tmbbank.com/uploads/npa/product/img/2661_20201221093819.jpg,https://www.ttbbank.com/property/property/detail/B12695
C10056,ห้องชุดเลขที่ 1000/10 อาคารชุด พี.บี.ทาวเวอร์ ถนนสุขุมวิท 71 (ปรีดีพนมยงค์) แขวงคลองตันเหนือ เขตวัฒนา กรุงเทพมหานคร,0000-0-00.0 / 575.32 ตร.ม.,"43,149,000บาท",https://media.tmbbank.com/uploads/npa/product/img/3222_20210624173123.jpg,https://www.ttbbank.com/property/property/detail/C10056
C10023,84-96 ถนนราชวงศ์ แขวงจักรวรรดิ เขตสัมพันธวงศ์ กรุงเทพมหานคร,0000-0-94.0 / 94 ตร.ว.,"216,000,000บาท",https://media.tmbbank.com/uploads/npa/product/img/3186_20210617164224.jpg,https://www.ttbbank.com/property/property/detail/C10023
B12177,488/288 อาคารชุดโบ๊เบ๊ทาวเวอร์ อาคาร 1 ถนนดำรงรักษ์ แขวงคลองมหานาค เขตป้อมปราบศัตรูพ่าย กรุงเทพมหานคร,0000-0-00.0 / 19.96 ตร.ม.," ราคาพิเศษ 5,691,000 บาท จากราคาประกาศ 6,796,000 บาท",https://media.tmbbank.com/uploads/npa/product/img/273_20180612123821.jpg,https://www.ttbbank.com/property/property/detail/B12177
C10158,21/19 หมู่บ้านเวิร์คเพลส ถนนมาเจริญ(เพชรเกษม 81) แขวงหนองแขม เขตหนองแขม กรุงเทพมหานคร,0000-0-19.8 / 19.8 ตร.ว.,"ราคาพิเศษ 5,151,000 บาท จากราคาประกาศ 5,400,000 บาท",https://media.tmbbank.com/uploads/npa/product/img/3241_20210618171406.jpg,https://www.ttbbank.com/property/property/detail/C10158
C10332,30/41 หมู่บ้านซูพีเรียร์ วิลเลจ ซอยกาญจนาภิเษก 10 ถนนกาญจนาภิเษก (ทล.9) แขวงบางแค เขตบางแค กรุงเทพมหานคร,0000-0-34.2 / 34.2 ตร.ว.,"ราคาพิเศษ 2,983,000 บาท จากราคาประกาศ 3,124,000 บาท",https://media.tmbbank.com/uploads/npa/product/img/3276_20210621102201.jpg,https://www.ttbbank.com/property/property/detail/C10332
C10103,ห้องชุดเลขที่ 2345/124 ชั้น 5 อาคาร A โครงการเอ สเปช สุขุมวิท เอ-บี ถนนอ่อนนุช แขวงสวนหลวง เขตสวนหลวง กรุงเทพมหานคร,0000-0-00.0 / 30.54 ตร.ม.," ราคาพิเศษ 1,251,000 บาท จากราคาประกาศ 1,408,000 บาท",https://media.tmbbank.com/uploads/npa/product/img/3341_20210617110056.jpg,https://www.ttbbank.com/property/property/detail/C10103
C10168,6/54-55 หมู่บ้านเมืองทรัพย์ธานี ซอยเลียบคลองสอง 25 ถนนเลียบคลอง แขวงบางชัน เขตคลองสามวา กรุงเทพมหานคร,0000-0-34.0 / 34 ตร.ว.," ราคาพิเศษ 3,806,000 บาท จากราคาประกาศ 4,000,000 บาท",https://media.tmbbank.com/uploads/npa/product/img/3325_20210628204049.jpg,https://www.ttbbank.com/property/property/detail/C10168
C10053,13/41 (106) ชั้น G ศูนย์การค้านวมินทร์มาร์เก็ตเพลส ถนนนวมินทร์ แขวงนวลจันทร์ เขตบึงกุ่ม กรุงเทพมหานคร,0000-0-00.0 / 79.54 ตร.ม.,"ราคาพิเศษ 1,567,000 บาท จากราคาประกาศ 2,350,000 บาท",https://media.tmbbank.com/uploads/npa/product/img/3219_20210621113741.jpg,https://www.ttbbank.com/property/property/detail/C10053
C10092,ห้องชุดเลขที่ 176/30 ชั้น 3 อาคาร K อาคารชุดเมโทร พาร์ค สาทร 2-4 ถนนกัลปพฤกษ์ แขวงบางหว้า เขตภาษีเจริญ กรุงเทพมหานคร,0000-0-00.0 / 56.99 ตร.ม.," ราคาพิเศษ 1,687,000 บาท จากราคาประกาศ 1,961,000 บาท",https://media.tmbbank.com/uploads/npa/product/img/3270_20210618170515.jpg,https://www.ttbbank.com/property/property/detail/C10092
C10158,21/19 หมู่บ้านเวิร์คเพลส ถนนมาเจริญ(เพชรเกษม 81) แขวงหนองแขม เขตหนองแขม กรุงเทพมหานคร,0000-0-19.8 / 19.8 ตร.ว.,"ราคาพิเศษ 5,151,000 บาท จากราคาประกาศ 5,400,000 บาท",https://media.tmbbank.com/uploads/npa/product/img/3241_20210618171406.jpg,https://www.ttbbank.com/property/property/detail/C10158
C10332,30/41 หมู่บ้านซูพีเรียร์ วิลเลจ ซอยกาญจนาภิเษก 10 ถนนกาญจนาภิเษก (ทล.9) แขวงบางแค เขตบางแค กรุงเทพมหานคร,0000-0-34.2 / 34.2 ตร.ว.,"ราคาพิเศษ 2,983,000 บาท จากราคาประกาศ 3,124,000 บาท",https://media.tmbbank.com/uploads/npa/product/img/3276_20210621102201.jpg,https://www.ttbbank.com/property/property/detail/C10332
C10103,ห้องชุดเลขที่ 2345/124 ชั้น 5 อาคาร A โครงการเอ สเปช สุขุมวิท เอ-บี ถนนอ่อนนุช แขวงสวนหลวง เขตสวนหลวง กรุงเทพมหานคร,0000-0-00.0 / 30.54 ตร.ม.," ราคาพิเศษ 1,251,000 บาท จากราคาประกาศ 1,408,000 บาท",https://media.tmbbank.com/uploads/npa/product/img/3341_20210617110056.jpg,https://www.ttbbank.com/property/property/detail/C10103
C10168,6/54-55 หมู่บ้านเมืองทรัพย์ธานี ซอยเลียบคลองสอง 25 ถนนเลียบคลอง แขวงบางชัน เขตคลองสามวา กรุงเทพมหานคร,0000-0-34.0 / 34 ตร.ว.," ราคาพิเศษ 3,806,000 บาท จากราคาประกาศ 4,000,000 บาท",https://media.tmbbank.com/uploads/npa/product/img/3325_20210628204049.jpg,https://www.ttbbank.com/property/property/detail/C10168
C10053,13/41 (106) ชั้น G ศูนย์การค้านวมินทร์มาร์เก็ตเพลส ถนนนวมินทร์ แขวงนวลจันทร์ เขตบึงกุ่ม กรุงเทพมหานคร,0000-0-00.0 / 79.54 ตร.ม.,"ราคาพิเศษ 1,567,000 บาท จากราคาประกาศ 2,350,000 บาท",https://media.tmbbank.com/uploads/npa/product/img/3219_20210621113741.jpg,https://www.ttbbank.com/property/property/detail/C10053
C10092,ห้องชุดเลขที่ 176/30 ชั้น 3 อาคาร K อาคารชุดเมโทร พาร์ค สาทร 2-4 ถนนกัลปพฤกษ์ แขวงบางหว้า เขตภาษีเจริญ กรุงเทพมหานคร,0000-0-00.0 / 56.99 ตร.ม.," ราคาพิเศษ 1,687,000 บาท จากราคาประกาศ 1,961,000 บาท",https://media.tmbbank.com/uploads/npa/product/img/3270_20210618170515.jpg,https://www.ttbbank.com/property/property/detail/C10092
C10158,21/19 หมู่บ้านเวิร์คเพลส ถนนมาเจริญ(เพชรเกษม 81) แขวงหนองแขม เขตหนองแขม กรุงเทพมหานคร,0000-0-19.8 / 19.8 ตร.ว.,"ราคาพิเศษ 5,151,000 บาท จากราคาประกาศ 5,400,000 บาท",https://media.tmbbank.com/uploads/npa/product/img/3241_20210618171406.jpg,https://www.ttbbank.com/property/property/detail/C10158
C10332,30/41 หมู่บ้านซูพีเรียร์ วิลเลจ ซอยกาญจนาภิเษก 10 ถนนกาญจนาภิเษก (ทล.9) แขวงบางแค เขตบางแค กรุงเทพมหานคร,0000-0-34.2 / 34.2 ตร.ว.,"ราคาพิเศษ 2,983,000 บาท จากราคาประกาศ 3,124,000 บาท",https://media.tmbbank.com/uploads/npa/product/img/3276_20210621102201.jpg,https://www.ttbbank.com/property/property/detail/C10332
C10103,ห้องชุดเลขที่ 2345/124 ชั้น 5 อาคาร A โครงการเอ สเปช สุขุมวิท เอ-บี ถนนอ่อนนุช แขวงสวนหลวง เขตสวนหลวง กรุงเทพมหานคร,0000-0-00.0 / 30.54 ตร.ม.," ราคาพิเศษ 1,251,000 บาท จากราคาประกาศ 1,408,000 บาท",https://media.tmbbank.com/uploads/npa/product/img/3341_20210617110056.jpg,https://www.ttbbank.com/property/property/detail/C10103
C10092,ห้องชุดเลขที่ 176/30 ชั้น 3 อาคาร K อาคารชุดเมโทร พาร์ค สาทร 2-4 ถนนกัลปพฤกษ์ แขวงบางหว้า เขตภาษีเจริญ กรุงเทพมหานคร,0000-0-00.0 / 56.99 ตร.ม.," ราคาพิเศษ 1,687,000 บาท จากราคาประกาศ 1,961,000 บาท",https://media.tmbbank.com/uploads/npa/product/img/3270_20210618170515.jpg,https://www.ttbbank.com/property/property/detail/C10092
C10158,21/19 หมู่บ้านเวิร์คเพลส ถนนมาเจริญ(เพชรเกษม 81) แขวงหนองแขม เขตหนองแขม กรุงเทพมหานคร,0000-0-19.8 / 19.8 ตร.ว.,"ราคาพิเศษ 5,151,000 บาท จากราคาประกาศ 5,400,000 บาท",https://media.tmbbank.com/uploads/npa/product/img/3241_20210618171406.jpg,https://www.ttbbank.com/property/property/detail/C10158
C10332,30/41 หมู่บ้านซูพีเรียร์ วิลเลจ ซอยกาญจนาภิเษก 10 ถนนกาญจนาภิเษก (ทล.9) แขวงบางแค เขตบางแค กรุงเทพมหานคร,0000-0-34.2 / 34.2 ตร.ว.,"ราคาพิเศษ 2,983,000 บาท จากราคาประกาศ 3,124,000 บาท",https://media.tmbbank.com/uploads/npa/product/img/3276_20210621102201.jpg,https://www.ttbbank.com/property/property/detail/C10332
C10103,ห้องชุดเลขที่ 2345/124 ชั้น 5 อาคาร A โครงการเอ สเปช สุขุมวิท เอ-บี ถนนอ่อนนุช แขวงสวนหลวง เขตสวนหลวง กรุงเทพมหานคร,0000-0-00.0 / 30.54 ตร.ม.," ราคาพิเศษ 1,251,000 บาท จากราคาประกาศ 1,408,000 บาท",https://media.tmbbank.com/uploads/npa/product/img/3341_20210617110056.jpg,https://www.ttbbank.com/property/property/detail/C10103
C10325,54/71 หมู่บ้านปริญลักษณ์ เอกชัย-บางบอน ซอย1 (ในโครงการฯ) ถนนเอกชัย ซอย 87/1 แขวงบางบอน เขตบางบอน กรุงเทพมหานคร,0000-0-22.1 / 22.1 ตร.ว.," ราคาพิเศษ 2,284,000 บาท จากราคาประกาศ 2,700,000 บาท",https://media.tmbbank.com/uploads/npa/product/img/3138_20210621101431.jpg,https://www.ttbbank.com/property/property/detail/C10325
C10245,9/66 หมู่บ้านสราญศิริ วงแหวน-ประชาอุทิศ ซอย 25 แขวงทุ่งครุ เขตทุ่งครุ กรุงเทพมหานคร,0000-0-99.9 / 99.9 ตร.ว.,"ราคาพิเศษ 5,690,000 บาท จากราคาประกาศ 6,200,000 บาท",https://media.tmbbank.com/uploads/npa/product/img/3181_20210621093238.jpg,https://www.ttbbank.com/property/property/detail/C10245
C10158,21/19 หมู่บ้านเวิร์คเพลส ถนนมาเจริญ(เพชรเกษม 81) แขวงหนองแขม เขตหนองแขม กรุงเทพมหานคร,0000-0-19.8 / 19.8 ตร.ว.,"ราคาพิเศษ 5,151,000 บาท จากราคาประกาศ 5,400,000 บาท",https://media.tmbbank.com/uploads/npa/product/img/3241_20210618171406.jpg,https://www.ttbbank.com/property/property/detail/C10158
C10332,30/41 หมู่บ้านซูพีเรียร์ วิลเลจ ซอยกาญจนาภิเษก 10 ถนนกาญจนาภิเษก (ทล.9) แขวงบางแค เขตบางแค กรุงเทพมหานคร,0000-0-34.2 / 34.2 ตร.ว.,"ราคาพิเศษ 2,983,000 บาท จากราคาประกาศ 3,124,000 บาท",https://media.tmbbank.com/uploads/npa/product/img/3276_20210621102201.jpg,https://www.ttbbank.com/property/property/detail/C10332
C10103,ห้องชุดเลขที่ 2345/124 ชั้น 5 อาคาร A โครงการเอ สเปช สุขุมวิท เอ-บี ถนนอ่อนนุช แขวงสวนหลวง เขตสวนหลวง กรุงเทพมหานคร,0000-0-00.0 / 30.54 ตร.ม.," ราคาพิเศษ 1,251,000 บาท จากราคาประกาศ 1,408,000 บาท",https://media.tmbbank.com/uploads/npa/product/img/3341_20210617110056.jpg,https://www.ttbbank.com/property/property/detail/C10103
C10325,54/71 หมู่บ้านปริญลักษณ์ เอกชัย-บางบอน ซอย1 (ในโครงการฯ) ถนนเอกชัย ซอย 87/1 แขวงบางบอน เขตบางบอน กรุงเทพมหานคร,0000-0-22.1 / 22.1 ตร.ว.," ราคาพิเศษ 2,284,000 บาท จากราคาประกาศ 2,700,000 บาท",https://media.tmbbank.com/uploads/npa/product/img/3138_20210621101431.jpg,https://www.ttbbank.com/property/property/detail/C10325
C10245,9/66 หมู่บ้านสราญศิริ วงแหวน-ประชาอุทิศ ซอย 25 แขวงทุ่งครุ เขตทุ่งครุ กรุงเทพมหานคร,0000-0-99.9 / 99.9 ตร.ว.,"ราคาพิเศษ 5,690,000 บาท จากราคาประกาศ 6,200,000 บาท",https://media.tmbbank.com/uploads/npa/product/img/3181_20210621093238.jpg,https://www.ttbbank.com/property/property/detail/C10245
C10094,ห้องชุดเลขที่ 2351/190 ชั้น 7 อาคาร D อาคารชุดเอ สเปซ สุขุมวิท ซี-ดี ถนนอ่อนนุช แขวงสวนหลวง เขตสวนหลวง กรุงเทพมหานคร,0000-0-00.0 / 35.47 ตร.ม.," ราคาพิเศษ 1,261,000 บาท จากราคาประกาศ 1,501,000 บาท",https://media.tmbbank.com/uploads/npa/product/img/3272_20210618170723.jpg,https://www.ttbbank.com/property/property/detail/C10094
C10158,21/19 หมู่บ้านเวิร์คเพลส ถนนมาเจริญ(เพชรเกษม 81) แขวงหนองแขม เขตหนองแขม กรุงเทพมหานคร,0000-0-19.8 / 19.8 ตร.ว.,"ราคาพิเศษ 5,151,000 บาท จากราคาประกาศ 5,400,000 บาท",https://media.tmbbank.com/uploads/npa/product/img/3241_20210618171406.jpg,https://www.ttbbank.com/property/property/detail/C10158
C10332,30/41 หมู่บ้านซูพีเรียร์ วิลเลจ ซอยกาญจนาภิเษก 10 ถนนกาญจนาภิเษก (ทล.9) แขวงบางแค เขตบางแค กรุงเทพมหานคร,0000-0-34.2 / 34.2 ตร.ว.,"ราคาพิเศษ 2,983,000 บาท จากราคาประกาศ 3,124,000 บาท",https://media.tmbbank.com/uploads/npa/product/img/3276_20210621102201.jpg,https://www.ttbbank.com/property/property/detail/C10332
C10103,ห้องชุดเลขที่ 2345/124 ชั้น 5 อาคาร A โครงการเอ สเปช สุขุมวิท เอ-บี ถนนอ่อนนุช แขวงสวนหลวง เขตสวนหลวง กรุงเทพมหานคร,0000-0-00.0 / 30.54 ตร.ม.," ราคาพิเศษ 1,251,000 บาท จากราคาประกาศ 1,408,000 บาท",https://media.tmbbank.com/uploads/npa/product/img/3341_20210617110056.jpg,https://www.ttbbank.com/property/property/detail/C10103
C10325,54/71 หมู่บ้านปริญลักษณ์ เอกชัย-บางบอน ซอย1 (ในโครงการฯ) ถนนเอกชัย ซอย 87/1 แขวงบางบอน เขตบางบอน กรุงเทพมหานคร,0000-0-22.1 / 22.1 ตร.ว.," ราคาพิเศษ 2,284,000 บาท จากราคาประกาศ 2,700,000 บาท",https://media.tmbbank.com/uploads/npa/product/img/3138_20210621101431.jpg,https://www.ttbbank.com/property/property/detail/C10325
C10245,9/66 หมู่บ้านสราญศิริ วงแหวน-ประชาอุทิศ ซอย 25 แขวงทุ่งครุ เขตทุ่งครุ กรุงเทพมหานคร,0000-0-99.9 / 99.9 ตร.ว.,"ราคาพิเศษ 5,690,000 บาท จากราคาประกาศ 6,200,000 บาท",https://media.tmbbank.com/uploads/npa/product/img/3181_20210621093238.jpg,https://www.ttbbank.com/property/property/detail/C10245
C10094,ห้องชุดเลขที่ 2351/190 ชั้น 7 อาคาร D อาคารชุดเอ สเปซ สุขุมวิท ซี-ดี ถนนอ่อนนุช แขวงสวนหลวง เขตสวนหลวง กรุงเทพมหานคร,0000-0-00.0 / 35.47 ตร.ม.," ราคาพิเศษ 1,261,000 บาท จากราคาประกาศ 1,501,000 บาท",https://media.tmbbank.com/uploads/npa/product/img/3272_20210618170723.jpg,https://www.ttbbank.com/property/property/detail/C10094
C10158,21/19 หมู่บ้านเวิร์คเพลส ถนนมาเจริญ(เพชรเกษม 81) แขวงหนองแขม เขตหนองแขม กรุงเทพมหานคร,0000-0-19.8 / 19.8 ตร.ว.,"ราคาพิเศษ 5,151,000 บาท จากราคาประกาศ 5,400,000 บาท",https://media.tmbbank.com/uploads/npa/product/img/3241_20210618171406.jpg,https://www.ttbbank.com/property/property/detail/C10158
C10332,30/41 หมู่บ้านซูพีเรียร์ วิลเลจ ซอยกาญจนาภิเษก 10 ถนนกาญจนาภิเษก (ทล.9) แขวงบางแค เขตบางแค กรุงเทพมหานคร,0000-0-34.2 / 34.2 ตร.ว.,"ราคาพิเศษ 2,983,000 บาท จากราคาประกาศ 3,124,000 บาท",https://media.tmbbank.com/uploads/npa/product/img/3276_20210621102201.jpg,https://www.ttbbank.com/property/property/detail/C10332
C10103,ห้องชุดเลขที่ 2345/124 ชั้น 5 อาคาร A โครงการเอ สเปช สุขุมวิท เอ-บี ถนนอ่อนนุช แขวงสวนหลวง เขตสวนหลวง กรุงเทพมหานคร,0000-0-00.0 / 30.54 ตร.ม.," ราคาพิเศษ 1,251,000 บาท จากราคาประกาศ 1,408,000 บาท",https://media.tmbbank.com/uploads/npa/product/img/3341_20210617110056.jpg,https://www.ttbbank.com/property/property/detail/C10103
C10325,54/71 หมู่บ้านปริญลักษณ์ เอกชัย-บางบอน ซอย1 (ในโครงการฯ) ถนนเอกชัย ซอย 87/1 แขวงบางบอน เขตบางบอน กรุงเทพมหานคร,0000-0-22.1 / 22.1 ตร.ว.," ราคาพิเศษ 2,284,000 บาท จากราคาประกาศ 2,700,000 บาท",https://media.tmbbank.com/uploads/npa/product/img/3138_20210621101431.jpg,https://www.ttbbank.com/property/property/detail/C10325
C10245,9/66 หมู่บ้านสราญศิริ วงแหวน-ประชาอุทิศ ซอย 25 แขวงทุ่งครุ เขตทุ่งครุ กรุงเทพมหานคร,0000-0-99.9 / 99.9 ตร.ว.,"ราคาพิเศษ 5,690,000 บาท จากราคาประกาศ 6,200,000 บาท",https://media.tmbbank.com/uploads/npa/product/img/3181_20210621093238.jpg,https://www.ttbbank.com/property/property/detail/C10245
C10094,ห้องชุดเลขที่ 2351/190 ชั้น 7 อาคาร D อาคารชุดเอ สเปซ สุขุมวิท ซี-ดี ถนนอ่อนนุช แขวงสวนหลวง เขตสวนหลวง กรุงเทพมหานคร,0000-0-00.0 / 35.47 ตร.ม.," ราคาพิเศษ 1,261,000 บาท จากราคาประกาศ 1,501,000 บาท",https://media.tmbbank.com/uploads/npa/product/img/3272_20210618170723.jpg,https://www.ttbbank.com/property/property/detail/C10094
C10332,30/41 หมู่บ้านซูพีเรียร์ วิลเลจ ซอยกาญจนาภิเษก 10 ถนนกาญจนาภิเษก (ทล.9) แขวงบางแค เขตบางแค กรุงเทพมหานคร,0000-0-34.2 / 34.2 ตร.ว.,"ราคาพิเศษ 2,983,000 บาท จากราคาประกาศ 3,124,000 บาท",https://media.tmbbank.com/uploads/npa/product/img/3276_20210621102201.jpg,https://www.ttbbank.com/property/property/detail/C10332
C10103,ห้องชุดเลขที่ 2345/124 ชั้น 5 อาคาร A โครงการเอ สเปช สุขุมวิท เอ-บี ถนนอ่อนนุช แขวงสวนหลวง เขตสวนหลวง กรุงเทพมหานคร,0000-0-00.0 / 30.54 ตร.ม.," ราคาพิเศษ 1,251,000 บาท จากราคาประกาศ 1,408,000 บาท",https://media.tmbbank.com/uploads/npa/product/img/3341_20210617110056.jpg,https://www.ttbbank.com/property/property/detail/C10103
C10325,54/71 หมู่บ้านปริญลักษณ์ เอกชัย-บางบอน ซอย1 (ในโครงการฯ) ถนนเอกชัย ซอย 87/1 แขวงบางบอน เขตบางบอน กรุงเทพมหานคร,0000-0-22.1 / 22.1 ตร.ว.," ราคาพิเศษ 2,284,000 บาท จากราคาประกาศ 2,700,000 บาท",https://media.tmbbank.com/uploads/npa/product/img/3138_20210621101431.jpg,https://www.ttbbank.com/property/property/detail/C10325
C10245,9/66 หมู่บ้านสราญศิริ วงแหวน-ประชาอุทิศ ซอย 25 แขวงทุ่งครุ เขตทุ่งครุ กรุงเทพมหานคร,0000-0-99.9 / 99.9 ตร.ว.,"ราคาพิเศษ 5,690,000 บาท จากราคาประกาศ 6,200,000 บาท",https://media.tmbbank.com/uploads/npa/product/img/3181_20210621093238.jpg,https://www.ttbbank.com/property/property/detail/C10245
C10094,ห้องชุดเลขที่ 2351/190 ชั้น 7 อาคาร D อาคารชุดเอ สเปซ สุขุมวิท ซี-ดี ถนนอ่อนนุช แขวงสวนหลวง เขตสวนหลวง กรุงเทพมหานคร,0000-0-00.0 / 35.47 ตร.ม.," ราคาพิเศษ 1,261,000 บาท จากราคาประกาศ 1,501,000 บาท",https://media.tmbbank.com/uploads/npa/product/img/3272_20210618170723.jpg,https://www.ttbbank.com/property/property/detail/C10094
C10102,ห้องชุดเลขที่ 453/43ชั้น 3 อาคารC  โครงการเมโทร สกาย รัชดา ถนนรัชดาภิเษิก แขวงดินแดง เขตดินแดง กรุงเทพมหานคร,0000-0-00.0 / 26.72 ตร.ม.," ราคาพิเศษ 1,908,000 บาท จากราคาประกาศ 2,244,000 บาท",https://media.tmbbank.com/uploads/npa/product/img/2968_20210621165159.jpg,https://www.ttbbank.com/property/property/detail/C10102
C10094,ห้องชุดเลขที่ 2351/190 ชั้น 7 อาคาร D อาคารชุดเอ สเปซ สุขุมวิท ซี-ดี ถนนอ่อนนุช แขวงสวนหลวง เขตสวนหลวง กรุงเทพมหานคร,0000-0-00.0 / 35.47 ตร.ม.," ราคาพิเศษ 1,261,000 บาท จากราคาประกาศ 1,501,000 บาท",https://media.tmbbank.com/uploads/npa/product/img/3272_20210618170723.jpg,https://www.ttbbank.com/property/property/detail/C10094
C10102,ห้องชุดเลขที่ 453/43ชั้น 3 อาคารC  โครงการเมโทร สกาย รัชดา ถนนรัชดาภิเษิก แขวงดินแดง เขตดินแดง กรุงเทพมหานคร,0000-0-00.0 / 26.72 ตร.ม.," ราคาพิเศษ 1,908,000 บาท จากราคาประกาศ 2,244,000 บาท",https://media.tmbbank.com/uploads/npa/product/img/2968_20210621165159.jpg,https://www.ttbbank.com/property/property/detail/C10102
C10093,ห้องชุดเลขที่ 192/87 ชั้น 4 อาคาร C อาคารชุดเมโทร พาร์ค สาทร 3-1 ถนนกัลปพฤกษ์ แขวงบางหว้า เขตภาษีเจริญ กรุงเทพมหานคร,0000-0-00.0 / 44.05 ตร.ม.," ราคาพิเศษ 1,338,000 บาท จากราคาประกาศ 1,547,000 บาท",https://media.tmbbank.com/uploads/npa/product/img/3271_20210618170626.jpg,https://www.ttbbank.com/property/property/detail/C10093
C10160,238/33 ซอยพหลโยธิน 34 แยก16 ถนนพหลโยธิน แขวงเสนานิคม เขตจตุจักร กรุงเทพมหานคร,0000-0-11.7 / 11.7 ตร.ว.,"ราคาพิเศษ 2,093,000 บาท จากราคาประกาศ 2,295,000 บาท",https://media.tmbbank.com/uploads/npa/product/img/3243_20210621161429.jpg,https://www.ttbbank.com/property/property/detail/C10160
